collection,price_EUR,reference_code,life_span_date
PASHA DE CARTIER WATCH,6382.53529932788,CRWSPA0013,2022-05-28
BALLON BLEU DE CARTIER WATCH,7554.837701245246,CRW4BB0021,2022-05-28
BALLON BLEU DE CARTIER WATCH,6278.33064137967,CRWSBB0048,2022-05-28
PASHA DE CARTIER WATCH,18756.83843067785,CRWJPA0017,2022-05-28
BALLON BLEU DE CARTIER WATCH,10915.437920075028,CRW3BB0021,2022-05-28
BALLON BLEU DE CARTIER WATCH,5861.512009586829,CRWSBB0044,2022-05-28
BALLON BLEU DE CARTIER WATCH,12530.610118272287,CRW6920097,2022-05-28
BALLON BLEU DE CARTIER WATCH,5809.409680612724,CRWSBB0028,2022-05-28
SANTOS DE CARTIER WATCH,6747.251602146616,CRWSSA0029,2022-05-28
BALLON BLEU DE CARTIER WATCH,14328.140467878915,CRWGBB0009,2022-05-28
SANTOS-DUMONT WATCH,3725.3165216485177,CRWSSA0023,2022-05-28
SANTOS DE CARTIER WATCH,9743.135518157662,CRW2SA0016,2022-05-28
PASHA DE CARTIER WATCH,131558.38065961548,CRWJPA0014,2022-05-28
PASHA DE CARTIER WATCH,25920.90866461731,CRWJPA0012,2022-05-28
TANK MUST WATCH,6773.302766633668,CRW4TA0017,2022-05-28
TANK LOUIS CARTIER WATCH,12712.968269681654,CRWGTA0011,2022-05-28
TANK LOUIS CARTIER WATCH,10811.233262126818,CRWGTA0010,2022-05-28
La PanthÃ¨re de Cartier Watch,44026.46798311885,CRHPI01380,2022-05-28
La PanthÃ¨re de Cartier Watch,58615.12009586828,CRHPI01382,2022-05-28
Baignoire AllongÃ©e watch,40900.328244672535,CRWJBA0007,2022-05-28
PASHA DE CARTIER WATCH,40118.79331006096,CRWJPA0013,2022-05-28
La PanthÃ¨re de Cartier Watch,29437.815870369406,CRHPI01297,2022-05-28
PASHA DE CARTIER WATCH,14849.163757619966,CRWGPA0014,2022-05-28
La PanthÃ¨re de Cartier Watch,44026.46798311885,CRHPI01381,2022-05-28
La PanthÃ¨re de Cartier Watch,29437.815870369406,CRHPI01379,2022-05-28
La PanthÃ¨re de Cartier Watch,76069.4003021935,CRHPI01441,2022-05-28
Baignoire AllongÃ©e watch,38295.21179596728,CRWJBA0006,2022-05-28
PASHA DE CARTIER WATCH,121919.44979940604,CRWJPA0019,2022-05-28
PASHA DE CARTIER WATCH,138071.17178137862,CRHPI01435,2022-05-28
La PanthÃ¨re de Cartier Watch,76069.4003021935,CRHPI01442,2022-05-28
RÃ©vÃ©lation d'une PanthÃ¨re watch,101599.54149950502,CRHPI01259,2022-05-28
La PanthÃ¨re de Cartier Watch,238368.15505653102,CRHPI01383,2022-05-28
Tank CintrÃ©e watch,104986.19288282187,CRHPI01123,2022-05-28
PanthÃ¨re Jewelry Watches,57312.56187151566,CRHPI01342,2022-05-28
La PanthÃ¨re de Cartier Watch,108112.33262126817,CRHPI01533,2022-05-28
RÃ©vÃ©lation d'une PanthÃ¨re watch,113583.07716354921,CRHPI01430,2022-05-28
La PanthÃ¨re de Cartier Watch,173240.2438388996,CRHPI01425,2022-05-28
La PanthÃ¨re de Cartier Watch,114885.63538790184,CRHPI01219,2022-05-28
La PanthÃ¨re de Cartier Watch,57312.56187151566,CRHPI01217,2022-05-28
TANK LOUIS CARTIER WATCH,18105.55931850154,CRWJTA0037,2022-05-28
La PanthÃ¨re de Cartier Watch,91700.09899442505,CRHPI01511,2022-05-28
La PanthÃ¨re de Cartier Watch,99515.44834054082,CRHPI01426,2022-05-28
La PanthÃ¨re de Cartier Watch,72161.72562913562,CRHPI01509,2022-05-28
RÃ©vÃ©lation d'une PanthÃ¨re watch,107070.28604178606,CRHPI01355,2022-05-28
RÃ©vÃ©lation d'une PanthÃ¨re watch,107070.28604178606,CRHPI01354,2022-05-28
SANTOS DE CARTIER WATCH,7372.479549835878,CRWSSA0018,2022-05-28
BALLON BLEU DE CARTIER WATCH,6799.353931120721,CRWSBB0049,2022-05-28
BALLON BLEU DE CARTIER WATCH,6330.432970353775,CRWSBB0026,2022-05-28
TANK MUST WATCH,4350.544469337779,CRWSTA0053,2022-05-28
BALLON BLEU DE CARTIER WATCH,6564.893450737248,CRWSBB0027,2022-05-28
TANK MUST WATCH,3959.777002031991,CRWSTA0040,2022-05-28
SANTOS DE CARTIER WATCH,7737.195852654613,CRWSSA0037,2022-05-28
SANTOS DE CARTIER CHRONOGRAPH WATCH,9300.265721877768,CRWSSA0017,2022-05-28
BALLON BLEU DE CARTIER WATCH,6564.893450737248,CRWSBB0060,2022-05-28
BALLON BLEU DE CARTIER WATCH,16542.489449278382,CRWGBB0036,2022-05-28
Tank CintrÃ©e watch,66690.98108685458,CRWHTA0008,2022-05-28
SANTOS DE CARTIER WATCH,7841.4005106028235,CRWSSA0039,2022-05-28
SANTOS DE CARTIER CHRONOGRAPH WATCH,13937.373000573125,CRW2SA0008,2022-05-28
BALLON BLEU DE CARTIER WATCH,6564.893450737248,CRWSBB0061,2022-05-28
SANTOS DE CARTIER WATCH,35169.07205752097,CRWGSA0029,2022-05-28
PASHA DE CARTIER WATCH,27353.7227114052,CRWHPA0007,2022-05-28
BALLON BLEU DE CARTIER WATCH,6043.870160996196,CRWSBB0039,2022-05-28
SANTOS DE CARTIER WATCH,33606.00218829782,CRWHSA0019,2022-05-28
PASHA DE CARTIER WATCH,8831.344761110822,CRWSPA0030,2022-05-28
ROTONDE DE CARTIER WATCH,270932.1106653467,CRWHRO0082,2022-05-28
BALLON BLEU DE CARTIER WATCH,15239.931224925755,CRWGBB0035,2022-05-28
BALLON BLEU DE CARTIER WATCH,16281.977804407858,CRWGBB0030,2022-05-28
ROTONDE DE CARTIER WATCH,166727.45271713645,CRWHRO0027,2022-05-28
PASHA DE CARTIER WATCH,27353.7227114052,CRWHPA0017,2022-05-28
PASHA DE CARTIER WATCH,97431.35518157661,CRWHPA0006,2022-05-28
PASHA DE CARTIER WATCH,27353.7227114052,CRWHPA0009,2022-05-28
TONNEAU WATCH,23315.79221591205,CRWGTN0006,2022-05-28
Tank CintrÃ©e watch,73724.79549835877,CRWHTA0009,2022-05-28
ROTONDE DE CARTIER WATCH,91700.09899442505,CRHPI01337,2022-05-28
PASHA DE CARTIER WATCH,79456.05168551035,CRWHPA0010,2022-05-28
ROTONDE DE CARTIER WATCH,57312.56187151566,CRWHRO0060,2022-05-28
PASHA DE CARTIER WATCH,6569.188387370205,CRWSPA0013,2022-06-30
PASHA DE CARTIER WATCH,26488.662852299218,CRWJPA0012,2022-06-30
PASHA DE CARTIER WATCH,15257.469802924348,CRWGPA0014,2022-06-30
PASHA DE CARTIER WATCH,134562.40728968004,CRWJPA0014,2022-06-30
PASHA DE CARTIER WATCH,19177.791905064634,CRWJPA0017,2022-06-30
PASHA DE CARTIER WATCH,27972.027972027972,CRWHPA0017,2022-06-30
PASHA DE CARTIER WATCH,9059.122695486332,CRWSPA0030,2022-06-30
PASHA DE CARTIER WATCH,27972.027972027972,CRWHPA0007,2022-06-30
PASHA DE CARTIER WATCH,41004.450095359185,CRWJPA0013,2022-06-30
TANK LOUIS CARTIER WATCH,11125.238397965672,CRWGTA0010,2022-06-30
TANK MUST WATCH,6940.029667302395,CRW4TA0017,2022-06-30
TANK MUST WATCH,4079.2540792540794,CRWSTA0040,2022-06-30
TANK MUST WATCH,4503.072684890867,CRWSTA0053,2022-06-30
TANK LOUIS CARTIER WATCH,13032.422123331215,CRWGTA0011,2022-06-30
Tank CintrÃ©e watch,68340.75015893197,CRWHTA0008,2022-06-30
Tank CintrÃ©e watch,75757.57575757576,CRWHTA0009,2022-06-30
Tank CintrÃ©e watch,108073.74443738081,CRHPI01123,2022-06-30
BALLON BLEU DE CARTIER WATCH,15575.333757151939,CRWGBB0035,2022-06-30
BALLON BLEU DE CARTIER WATCH,6198.347107438017,CRWSBB0039,2022-06-30
BALLON BLEU DE CARTIER WATCH,6039.4151303242215,CRWSBB0044,2022-06-30
BALLON BLEU DE CARTIER WATCH,12820.51282051282,CRW6920097,2022-06-30
BALLON BLEU DE CARTIER WATCH,16952.7442254715,CRWGBB0036,2022-06-30
BALLON BLEU DE CARTIER WATCH,6993.006993006993,CRWSBB0049,2022-06-30
BALLON BLEU DE CARTIER WATCH,16634.880271243906,CRWGBB0030,2022-06-30
BALLON BLEU DE CARTIER WATCH,6728.120364484001,CRWSBB0027,2022-06-30
BALLON BLEU DE CARTIER WATCH,14621.741894469167,CRWGBB0009,2022-06-30
BALLON BLEU DE CARTIER WATCH,7734.689552871371,CRW4BB0021,2022-06-30
BALLON BLEU DE CARTIER WATCH,5986.437804619623,CRWSBB0028,2022-06-30
BALLON BLEU DE CARTIER WATCH,6516.211061665607,CRWSBB0026,2022-06-30
BALLON BLEU DE CARTIER WATCH,6728.120364484001,CRWSBB0060,2022-06-30
BALLON BLEU DE CARTIER WATCH,6728.120364484001,CRWSBB0061,2022-06-30
SANTOS-DUMONT WATCH,3814.367450731087,CRWSSA0023,2022-06-30
SANTOS DE CARTIER WATCH,7575.757575757576,CRWSSA0018,2022-06-30
SANTOS DE CARTIER WATCH,10012.714558169104,CRW2SA0016,2022-06-30
SANTOS DE CARTIER WATCH,6887.052341597796,CRWSSA0029,2022-06-30
SANTOS DE CARTIER WATCH,7893.6215299851665,CRWSSA0037,2022-06-30
SANTOS DE CARTIER CHRONOGRAPH WATCH,9535.918626827717,CRWSSA0017,2022-06-30
SANTOS DE CARTIER CHRONOGRAPH WATCH,14303.877940241577,CRW2SA0008,2022-06-30
SANTOS DE CARTIER WATCH,34223.35240517059,CRWHSA0019,2022-06-30
SANTOS DE CARTIER WATCH,8052.553507098962,CRWSSA0039,2022-06-30
SANTOS DE CARTIER WATCH,36024.58147912694,CRWGSA0029,2022-06-30
ROTONDE DE CARTIER WATCH,183301.54693791058,CRWHRO0027,2022-06-30
ROTONDE DE CARTIER WATCH,58804.83153210426,CRWHRO0060,2022-06-30
ROTONDE DE CARTIER WATCH,297732.5704598432,CRWHRO0082,2022-06-30
Baignoire AllongÃ©e watch,39097.266369993646,CRWJBA0006,2022-06-30
Baignoire AllongÃ©e watch,41852.08730663276,CRWJBA0007,2022-06-30
La PanthÃ¨re de Cartier Watch,77876.6687857597,CRHPI01441,2022-06-30
La PanthÃ¨re de Cartier Watch,77876.6687857597,CRHPI01442,2022-06-30
La PanthÃ¨re de Cartier Watch,119728.75609239246,CRHPI01533,2022-06-30
La PanthÃ¨re de Cartier Watch,73638.48272939182,CRHPI01509,2022-06-30
La PanthÃ¨re de Cartier Watch,60394.151303242215,CRHPI01382,2022-06-30
La PanthÃ¨re de Cartier Watch,93769.86649713923,CRHPI01511,2022-06-30
La PanthÃ¨re de Cartier Watch,117609.66306420852,CRHPI01219,2022-06-30
La PanthÃ¨re de Cartier Watch,110192.83746556473,CRHPI01426,2022-06-30
La PanthÃ¨re de Cartier Watch,190718.37253655435,CRHPI01425,2022-06-30
La PanthÃ¨re de Cartier Watch,261707.98898071627,CRHPI01383,2022-06-30
RÃ©vÃ©lation d'une PanthÃ¨re watch,125026.48866285231,CRHPI01430,2022-06-30
RÃ©vÃ©lation d'une PanthÃ¨re watch,112311.93049374867,CRHPI01259,2022-06-30
RÃ©vÃ©lation d'une PanthÃ¨re watch,117609.66306420852,CRHPI01354,2022-06-30
RÃ©vÃ©lation d'une PanthÃ¨re watch,117609.66306420852,CRHPI01355,2022-06-30
La PanthÃ¨re de Cartier Watch,44924.77219749947,CRHPI01380,2022-06-30
La PanthÃ¨re de Cartier Watch,44924.77219749947,CRHPI01381,2022-06-30
La PanthÃ¨re de Cartier Watch,29985.16634880271,CRHPI01297,2022-06-30
La PanthÃ¨re de Cartier Watch,29985.16634880271,CRHPI01379,2022-06-30
PanthÃ¨re Jewelry Watches,58804.83153210426,CRHPI01342,2022-06-30
La PanthÃ¨re de Cartier Watch,58804.83153210426,CRHPI01217,2022-06-30
TONNEAU WATCH,23945.751218478494,CRWGTN0006,2022-06-30
SANTOS-DUMONT WATCH,3850.0,CRWSSA0023,2022-06-30
PASHA DE CARTIER WATCH,6600.0,CRWSPA0013,2022-06-30
SANTOS DE CARTIER WATCH,7000.0,CRWSSA0029,2022-06-30
SANTOS DE CARTIER WATCH,7650.0,CRWSSA0018,2022-06-30
SANTOS DE CARTIER WATCH,8000.0,CRWSSA0037,2022-06-30
SANTOS DE CARTIER WATCH,8100.0,CRWSSA0039,2022-06-30
SANTOS DE CARTIER CHRONOGRAPH WATCH,9600.0,CRWSSA0017,2022-06-30
SANTOS DE CARTIER WATCH,10100.0,CRW2SA0016,2022-06-30
TANK LOUIS CARTIER WATCH,11200.0,CRWGTA0010,2022-06-30
BALLON BLEU DE CARTIER WATCH,13000.0,CRW6920097,2022-06-30
TANK LOUIS CARTIER WATCH,13200.0,CRWGTA0011,2022-06-30
SANTOS DE CARTIER CHRONOGRAPH WATCH,14400.0,CRW2SA0008,2022-06-30
BALLON BLEU DE CARTIER WATCH,14800.0,CRWGBB0009,2022-06-30
PASHA DE CARTIER WATCH,15400.0,CRWGPA0014,2022-06-30
BALLON BLEU DE CARTIER WATCH,16800.0,CRWGBB0030,2022-06-30
BALLON BLEU DE CARTIER WATCH,17100.0,CRWGBB0036,2022-06-30
PASHA DE CARTIER WATCH,26800.0,CRWJPA0012,2022-06-30
La PanthÃ¨re de Cartier Watch,30300.0,CRHPI01379,2022-06-30
PASHA DE CARTIER WATCH,41400.0,CRWJPA0013,2022-06-30
Baignoire AllongÃ©e watch,39500.0,CRWJBA0006,2022-06-30
Baignoire AllongÃ©e watch,42300.0,CRWJBA0007,2022-06-30
La PanthÃ¨re de Cartier Watch,45400.0,CRHPI01381,2022-06-30
La PanthÃ¨re de Cartier Watch,45400.0,CRHPI01380,2022-06-30
La PanthÃ¨re de Cartier Watch,61000.0,CRHPI01382,2022-06-30
Tank CintrÃ©e watch,69000.0,CRWHTA0008,2022-06-30
TONNEAU WATCH,24200.0,CRWGTN0006,2022-06-30
SANTOS DE CARTIER WATCH,36400.0,CRWGSA0029,2022-06-30
BALLON BLEU DE CARTIER WATCH,6000.0,CRWSBB0028,2022-06-30
BALLON BLEU DE CARTIER WATCH,6100.0,CRWSBB0044,2022-06-30
BALLON BLEU DE CARTIER WATCH,6500.0,CRWSBB0048,2022-06-30
TANK MUST WATCH,7000.0,CRW4TA0017,2022-06-30
La PanthÃ¨re de Cartier Watch,120000.0,CRHPI01533,2022-06-30
ROTONDE DE CARTIER WATCH,300000.0,CRWHRO0082,2022-06-30
PASHA DE CARTIER WATCH,9150.0,CRWSPA0030,2022-06-30
PASHA DE CARTIER WATCH,28200.0,CRWHPA0007,2022-06-30
PASHA DE CARTIER WATCH,28200.0,CRWHPA0017,2022-06-30
Tank CintrÃ©e watch,76500.0,CRWHTA0009,2022-06-30
Tank CintrÃ©e watch,109000.0,CRHPI01123,2022-06-30
BALLON BLEU DE CARTIER WATCH,15800.0,CRWGBB0035,2022-06-30
BALLON BLEU DE CARTIER WATCH,6250.0,CRWSBB0039,2022-06-30
BALLON BLEU DE CARTIER WATCH,7050.0,CRWSBB0049,2022-06-30
BALLON BLEU DE CARTIER WATCH,6800.0,CRWSBB0027,2022-06-30
La PanthÃ¨re de Cartier Watch,79000.0,CRHPI01441,2022-06-30
La PanthÃ¨re de Cartier Watch,79000.0,CRHPI01442,2022-06-30
SANTOS-DUMONT WATCH,3244.181662482354,CRWSSA0023,2022-06-30
TANK MUST WATCH,3448.7696952515116,CRWSTA0040,2022-06-30
TANK MUST WATCH,3799.492037141496,CRWSTA0053,2022-06-30
BALLON BLEU DE CARTIER WATCH,5056.247095580607,CRWSBB0028,2022-06-30
BALLON BLEU DE CARTIER WATCH,5260.835128349764,CRWSBB0039,2022-06-30
BALLON BLEU DE CARTIER WATCH,5465.423161118922,CRWSBB0048,2022-06-30
BALLON BLEU DE CARTIER WATCH,5523.876884767252,CRWSBB0026,2022-06-30
BALLON BLEU DE CARTIER WATCH,5728.464917536409,CRWSBB0027,2022-06-30
SANTOS DE CARTIER WATCH,5874.599226657237,CRWSSA0029,2022-06-30
BALLON BLEU DE CARTIER WATCH,5933.052950305567,CRWSBB0049,2022-06-30
SANTOS DE CARTIER WATCH,6429.909601316378,CRWSSA0018,2022-06-30
SANTOS DE CARTIER WATCH,7014.446837799685,CRWSSA0037,2022-06-30
SANTOS DE CARTIER WATCH,7248.261732393008,CRWSSA0039,2022-06-30
SANTOS DE CARTIER CHRONOGRAPH WATCH,8095.840725293803,CRWSSA0017,2022-06-30
SANTOS DE CARTIER WATCH,8505.016790832118,CRW2SA0016,2022-06-30
TANK LOUIS CARTIER WATCH,11603.064144193646,CRWGTA0011,2022-06-30
SANTOS DE CARTIER CHRONOGRAPH WATCH,12129.147657028621,CRW2SA0008,2022-06-30
BALLON BLEU DE CARTIER WATCH,12421.416275270276,CRWGBB0009,2022-06-30
BALLON BLEU DE CARTIER WATCH,13239.768406346906,CRWGBB0035,2022-06-30
BALLON BLEU DE CARTIER WATCH,14145.801122896031,CRWGBB0030,2022-06-30
BALLON BLEU DE CARTIER WATCH,14350.389155665189,CRWGBB0036,2022-06-30
PASHA DE CARTIER WATCH,23819.892386694763,CRWHPA0007,2022-06-30
SANTOS DE CARTIER WATCH,30688.204915373622,CRWGSA0029,2022-06-30
TONNEAU WATCH,20312.66896779492,CRWGTN0006,2022-06-30
ROTONDE DE CARTIER WATCH,49977.933719322755,CRWHRO0060,2022-06-30
Tank CintrÃ©e watch,58161.455030089055,CRWHTA0008,2022-06-30
Tank CintrÃ©e watch,64299.09601316378,CRWHTA0009,2022-06-30
PASHA DE CARTIER WATCH,85050.16790832118,CRWHPA0006,2022-06-30
PASHA DE CARTIER WATCH,120414.67071556125,CRHPI01435,2022-06-30
BALLON BLEU DE CARTIER WATCH,5728.464917536409,CRWSBB0061,2022-06-30
BALLON BLEU DE CARTIER WATCH,5728.464917536409,CRWSBB0060,2022-06-30
PASHA DE CARTIER WATCH,23819.892386694763,CRWHPA0017,2022-06-30
SANTOS DE CARTIER WATCH,29080.727515044528,CRWHSA0019,2022-06-30
PASHA DE CARTIER WATCH,69267.6625232719,CRWHPA0010,2022-06-30
PASHA DE CARTIER WATCH,7686.664659755488,CRWSPA0030,2022-06-30
TANK MUST WATCH,7119.584891999518,CRW4TA0017,2022-06-30
SANTOS-DUMONT WATCH,3921.805237118378,CRWSSA0023,2022-06-30
PASHA DE CARTIER WATCH,6697.236635694461,CRWSPA0013,2022-06-30
SANTOS DE CARTIER WATCH,7059.24942681308,CRWSSA0029,2022-06-30
SANTOS DE CARTIER WATCH,7783.27500905032,CRWSSA0018,2022-06-30
SANTOS DE CARTIER WATCH,8145.28780016894,CRWSSA0037,2022-06-30
SANTOS DE CARTIER WATCH,8265.958730541812,CRWSSA0039,2022-06-30
SANTOS DE CARTIER CHRONOGRAPH WATCH,9774.345360202728,CRWSSA0017,2022-06-30
SANTOS DE CARTIER WATCH,10257.02908169422,CRW2SA0016,2022-06-30
TANK LOUIS CARTIER WATCH,11343.067455050079,CRWGTA0010,2022-06-30
BALLON BLEU DE CARTIER WATCH,13153.131410643176,CRW6920097,2022-06-30
TANK LOUIS CARTIER WATCH,13394.473271388923,CRWGTA0011,2022-06-30
SANTOS DE CARTIER CHRONOGRAPH WATCH,14601.182575117655,CRW2SA0008,2022-06-30
BALLON BLEU DE CARTIER WATCH,14963.195366236274,CRWGBB0009,2022-06-30
PASHA DE CARTIER WATCH,15687.220948473512,CRWGPA0014,2022-06-30
BALLON BLEU DE CARTIER WATCH,17135.27211294799,CRWGBB0030,2022-06-30
BALLON BLEU DE CARTIER WATCH,17376.613973693737,CRWGBB0036,2022-06-30
PASHA DE CARTIER WATCH,27150.959333896466,CRWJPA0012,2022-06-30
La PanthÃ¨re de Cartier Watch,30771.08724508266,CRHPI01379,2022-06-30
PASHA DE CARTIER WATCH,41993.48376975986,CRWJPA0013,2022-06-30
Baignoire AllongÃ©e watch,40062.748883793894,CRWJBA0006,2022-06-30
Baignoire AllongÃ©e watch,42958.85121274285,CRWJBA0007,2022-06-30
Tank CintrÃ©e watch,69989.13961626645,CRWHTA0008,2022-06-30
TONNEAU WATCH,24496.198865693255,CRWGTN0006,2022-06-30
PASHA DE CARTIER WATCH,28599.010498370943,CRWHPA0007,2022-06-30
SANTOS DE CARTIER WATCH,36925.30469409919,CRWGSA0029,2022-06-30
PanthÃ¨re Jewelry Watches,59852.781464945096,CRHPI01342,2022-06-30
Tank CintrÃ©e watch,77832.75009050319,CRWHTA0009,2022-06-30
PASHA DE CARTIER WATCH,137564.8606250754,CRWJPA0014,2022-06-30
ROTONDE DE CARTIER WATCH,189453.36068541088,CRWHRO0027,2022-06-30
BALLON BLEU DE CARTIER WATCH,6093.881983830095,CRWSBB0028,2022-06-30
BALLON BLEU DE CARTIER WATCH,6154.217449016532,CRWSBB0044,2022-06-30
BALLON BLEU DE CARTIER WATCH,6576.565705321588,CRWSBB0048,2022-06-30
BALLON BLEU DE CARTIER WATCH,6636.901170508025,CRWSBB0026,2022-06-30
BALLON BLEU DE CARTIER WATCH,6878.243031253771,CRWSBB0027,2022-06-30
BALLON BLEU DE CARTIER WATCH,7119.584891999518,CRWSBB0049,2022-06-30
BALLON BLEU DE CARTIER WATCH,7964.28140460963,CRW4BB0021,2022-06-30
TANK MUST WATCH,4163.147097864125,CRWSTA0040,2022-06-30
BALLON BLEU DE CARTIER WATCH,6335.223844575842,CRWSBB0039,2022-06-30
BALLON BLEU DE CARTIER WATCH,16049.233739592133,CRWGBB0035,2022-06-30
TANK MUST WATCH,4585.49535416918,CRWSTA0053,2022-06-30
BALLON BLEU DE CARTIER WATCH,6878.243031253771,CRWSBB0060,2022-06-30
BALLON BLEU DE CARTIER WATCH,6878.243031253771,CRWSBB0061,2022-06-30
BALLON BLEU DE CARTIER WATCH,11463.738385422952,CRW3BB0021,2022-06-30
PASHA DE CARTIER WATCH,19669.361650778326,CRWJPA0017,2022-06-30
La PanthÃ¨re de Cartier Watch,30771.08724508266,CRHPI01297,2022-06-30
La PanthÃ¨re de Cartier Watch,46096.29540243755,CRHPI01381,2022-06-30
PASHA DE CARTIER WATCH,9291.661638711235,CRWSPA0030,2022-06-30
PASHA DE CARTIER WATCH,28599.010498370943,CRWHPA0017,2022-06-30
SANTOS DE CARTIER WATCH,35115.240738506094,CRWHSA0019,2022-06-30
La PanthÃ¨re de Cartier Watch,46096.29540243755,CRHPI01380,2022-06-30
La PanthÃ¨re de Cartier Watch,59852.781464945096,CRHPI01217,2022-06-30
La PanthÃ¨re de Cartier Watch,61542.17449016532,CRHPI01382,2022-06-30
La PanthÃ¨re de Cartier Watch,75419.33148304574,CRHPI01509,2022-06-30
La PanthÃ¨re de Cartier Watch,80246.16869796066,CRHPI01441,2022-06-30
La PanthÃ¨re de Cartier Watch,80246.16869796066,CRHPI01442,2022-06-30
PASHA DE CARTIER WATCH,83866.29660914686,CRWHPA0010,2022-06-30
La PanthÃ¨re de Cartier Watch,96536.74429829854,CRHPI01511,2022-06-30
La PanthÃ¨re de Cartier Watch,113430.67455050079,CRHPI01426,2022-06-30
RÃ©vÃ©lation d'une PanthÃ¨re watch,115844.09315795825,CRHPI01259,2022-06-30
La PanthÃ¨re de Cartier Watch,120670.93037287318,CRHPI01219,2022-06-30
RÃ©vÃ©lation d'une PanthÃ¨re watch,121877.6396766019,CRHPI01354,2022-06-30
RÃ©vÃ©lation d'une PanthÃ¨re watch,121877.6396766019,CRHPI01355,2022-06-30
La PanthÃ¨re de Cartier Watch,123084.34898033064,CRHPI01533,2022-06-30
PASHA DE CARTIER WATCH,127911.18619524557,CRWJPA0019,2022-06-30
RÃ©vÃ©lation d'une PanthÃ¨re watch,130324.60480270303,CRHPI01430,2022-06-30
La PanthÃ¨re de Cartier Watch,197900.325811512,CRHPI01425,2022-06-30
La PanthÃ¨re de Cartier Watch,271509.5933389646,CRHPI01383,2022-06-30
ROTONDE DE CARTIER WATCH,307710.8724508266,CRWHRO0082,2022-06-30
Montre Baignoire,7800.0,CRWGBA0031,2025-02-19
Montre Baignoire,7800.0,CRWGBA0032,2025-02-19
Montre Baignoire,7800.0,CRWGBA0040,2025-02-19
Montre Baignoire,30300.0,CRWJBA0043,2025-02-19
Montre Baignoire,26900.0,CRWJBA0045,2025-02-19
Montre Baignoire,26900.0,CRWJBA0042,2025-02-19
Montre Baignoire,26900.0,CRWJBA0041,2025-02-19
Montre Baignoire,19200.0,CRWGBA0024,2025-02-19
Montre Baignoire,19200.0,CRWGBA0037,2025-02-19
Montre Baignoire,19200.0,CRWGBA0025,2025-02-19
Montre Baignoire,111000.0,CRWJBA0021,2025-02-19
Montre Baignoire,7800.0,CRWGBA0041,2025-02-19
Montre Baignoire,12400.0,CRWGBA0042,2025-02-19
Montre Baignoire,20100.0,CRWJBA0053,2025-02-19
Montre Baignoire,20100.0,CRWJBA0054,2025-02-19
Montre Baignoire,20600.0,CRWJBA0050,2025-02-19
Montre Baignoire (Taille 15),14000.0,CRWGBA0047,2025-02-19
Montre Baignoire (Taille 15),14000.0,CRWGBA0044,2025-02-19
Montre Baignoire (Taille 16),14000.0,CRWGBA0048,2025-02-19
Montre Baignoire (Taille 16),14000.0,CRWGBA0045,2025-02-19
Montre Baignoire 1920 (Taille 17),14000.0,CRWGBA0050,2025-02-19
Montre Baignoire 1920 (Taille 17),14000.0,CRWGBA0051,2025-02-19
Montre Baignoire Allongée,47600.0,CRWJBA0007,2025-02-19
Montre Baignoire Allongée,44600.0,CRWJBA0006,2025-02-19
Montre Ballon Bleu de Cartier,7800.0,CRWSBB0071,2025-02-19
Montre Ballon Bleu de Cartier,7800.0,CRWSBB0061,2025-02-19
Montre Ballon Bleu de Cartier,6700.0,CRWSBB0044,2025-02-19
Montre Ballon Bleu de Cartier,7150.0,CRWSBB0048,2025-02-19
Montre Ballon Bleu de Cartier,13100.0,CRW2BB0039,2025-02-19
Montre Ballon Bleu de Cartier,11600.0,CRW2BB0038,2025-02-19
Montre Ballon Bleu de Cartier,17800.0,CRWGBB0035,2025-02-19
Montre Ballon Bleu de Cartier,14700.0,CRW6920097,2025-02-19
Montre Ballon Bleu de Cartier,8350.0,CRW4BB0021,2025-02-19
Montre Ballon Bleu de Cartier,8050.0,CRWSBB0049,2025-02-19
Montre Ballon Bleu de Cartier,6550.0,CRWSBB0028,2025-02-19
Montre Ballon Bleu de Cartier,7300.0,CRWSBB0039,2025-02-19
Montre Ballon Bleu de Cartier,12900.0,CRW4BB0034,2025-02-19
Montre Ballon Bleu de Cartier,14900.0,CRW4BB0035,2025-02-19
Montre Ballon Bleu de Cartier,19000.0,CRWGBB0030,2025-02-19
Montre Ballon Bleu de Cartier,16700.0,CRWGBB0009,2025-02-19
Montre Ballon Bleu de Cartier,10300.0,CRW2BB0037,2025-02-19
Montre Ballon Bleu de Cartier,12400.0,CRW3BB0021,2025-02-19
Montre Ballon Bleu de Cartier,6700.0,CRWSBB0068,2025-02-19
Montre Ballon Bleu de Cartier,12900.0,CRW4BB0037,2025-02-19
Montre Ballon Bleu de Cartier,7600.0,CRWSBB0027,2025-02-19
Montre Ballon Bleu de Cartier,19000.0,CRWGBB0036,2025-02-19
Montre Ballon Bleu de Cartier,7800.0,CRWSBB0060,2025-02-19
Montre Ballon Bleu de Cartier,7600.0,CRWSBB0026,2025-02-19
Montre Clash [Un]limited,36000.0,CRWGMB0002,2025-02-19
Montre Clash [Un]limited,36000.0,CRWGMB0003,2025-02-19
Montre Clash [Un]limited,447000.0,CRHPI01459,2025-02-19
Montre La Panthère de Cartier,89000.0,CRHPI01441,2025-02-19
Montre La Panthère de Cartier,89000.0,CRHPI01442,2025-02-19
Montre La Panthère de Cartier,142000.0,CRHPI01533,2025-02-19
Montre La Panthère de Cartier,64000.0,CRHPI01526,2025-02-19
Montre La Panthère de Cartier,84000.0,CRHPI01509,2025-02-19
Montre La Panthère de Cartier,84000.0,CRHPI01510,2025-02-19
Montre La Panthère de Cartier,76000.0,CRHPI01382,2025-02-19
Montre La Panthère de Cartier,107000.0,CRHPI01511,2025-02-19
Montre La Panthère de Cartier,135000.0,CRHPI01219,2025-02-19
Montre La Panthère de Cartier,125000.0,CRHPI01426,2025-02-19
Montre La Panthère de Cartier,216000.0,CRHPI01425,2025-02-19
Montre La Panthère de Cartier,298000.0,CRHPI01383,2025-02-19
Montre La Panthère de Cartier,51000.0,CRHPI01380,2025-02-19
Montre La Panthère de Cartier,51000.0,CRHPI01381,2025-02-19
Montre La Panthère de Cartier,34100.0,CRHPI01297,2025-02-19
Montre La Panthère de Cartier,34100.0,CRHPI01379,2025-02-19
Montre La Panthère de Cartier,67000.0,CRHPI01342,2025-02-19
Montre La Panthère de Cartier,67000.0,CRHPI01217,2025-02-19
Montre Panthère De Cartier PM,30800.0,CRWJPN0057,2025-02-19
Montre Panthère De Cartier PM,30800.0,CRWJPN0058,2025-02-19
Montre Panthère De Cartier PM,30000.0,CRWJPN0053,2025-02-19
Montre Panthère De Cartier PM,25200.0,CRWGPN0031,2025-02-19
Montre Panthère De Cartier PM,4700.0,CRWSPN0013,2025-02-19
Montre Panthère De Cartier PM,9000.0,CRW2PN0013,2025-02-19
Montre Panthère De Cartier PM,13600.0,CRW3PN0009,2025-02-19
Montre Panthère De Cartier PM,25000.0,CRWGPN0049,2025-02-19
Montre Panthère De Cartier PM,25000.0,CRWGPN0047,2025-02-19
Montre Panthère De Cartier PM,29800.0,CRWJPN0067,2025-02-19
Montre Panthère De Cartier PM,31200.0,CRWJPN0080,2025-02-19
Montre Panthère de Cartier,35400.0,CRWJPN0046,2025-02-19
Montre Panthère de Cartier,4000.0,CRWSPN0012,2025-02-19
Montre Panthère de Cartier,5600.0,CRWSPN0015,2025-02-19
Montre Panthère de Cartier,6150.0,CRWSPN0016,2025-02-19
Montre Panthère de Cartier,10200.0,CRW2PN0014,2025-02-19
Montre Panthère de Cartier,10500.0,CRW4PN0018,2025-02-19
Montre Panthère de Cartier,11100.0,CRW2PN0016,2025-02-19
Montre Panthère de Cartier,15200.0,CRW3PN0010,2025-02-19
Montre Panthère de Cartier,22700.0,CRWGPN0048,2025-02-19
Montre Panthère de Cartier,28700.0,CRWGPN0045,2025-02-19
Montre Panthère de Cartier,34800.0,CRWJPN0072,2025-02-19
Montre Panthère de Cartier,34800.0,CRWJPN0066,2025-02-19
Montre Panthère de Cartier,144000.0,CRHPI01722,2025-02-19
Montre Pasha de Cartier,7300.0,CRWSPA0013,2025-02-19
Montre Pasha de Cartier,53000.0,CRWJPA0032,2025-02-19
Montre Pasha de Cartier,39300.0,CRWJPA0033,2025-02-19
Montre Pasha de Cartier,21900.0,CRWGPA0019,2025-02-19
Montre Pasha de Cartier,7300.0,CRWSPA0041,2025-02-19
Montre Pasha de Cartier,7950.0,CRWSPA0040,2025-02-19
Montre Pasha de Cartier,10100.0,CRWSPA0030,2025-02-19
Montre Pasha de Cartier,25400.0,CRWJPA0021,2025-02-19
Montre Pasha de Cartier,21900.0,CRWJPA0017,2025-02-19
Montre Pasha de Cartier,30300.0,CRWJPA0012,2025-02-19
Montre Pasha de Cartier,34400.0,CRWJPA0020,2025-02-19
Montre Pasha de Cartier,17400.0,CRWGPA0014,2025-02-19
Montre Pasha de Cartier,7950.0,CRWSPA0045,2025-02-19
Montre Pasha de Cartier,11200.0,CRWSPA0046,2025-02-19
Montre Pasha de Cartier,46700.0,CRWJPA0013,2025-02-19
Montre Pasha de Cartier,93000.0,CRWHPA0010,2025-02-19
Montre Pasha de Cartier,153000.0,CRWJPA0014,2025-02-19
Montre Pasha de Cartier,19200.0,CRWGPA0028,2025-02-19
Montre Pasha de Cartier,143000.0,CRWJPA0019,2025-02-19
Montre Pasha de Cartier,93000.0,CRWHPA0010,2025-02-19
Montre Pasha de Cartier,126000.0,CRHPI01575,2025-02-19
Montre Reflection de Cartier,180000.0,CRWJMC0003,2025-02-19
Montre Reflection de Cartier,180000.0,CRWJMC0002,2025-02-19
Montre Reflection de Cartier (Taille 15),42000.0,CRWGMC0003,2025-02-19
Montre Ronde Louis Cartier,14600.0,CRWGRN0011,2025-02-19
Montre Ronde Louis Cartier,9750.0,CRWGRN0018,2025-02-19
Montre Ronde Louis Cartier,11100.0,CRWGRN0017,2025-02-19
Montre Ronde Louis Cartier,17600.0,CRWJRN0012,2025-02-19
Montre Ronde Louis Cartier,20600.0,CRWJRN0011,2025-02-19
Montre Rotonde de Cartier,625000.0,CRWHRO0061,2025-02-19
Montre Rotonde de Cartier,209000.0,CRWHRO0027,2025-02-19
Montre Rotonde de Cartier,595000.0,CRWHRO0064,2025-02-19
Montre Rotonde de Cartier,700000.0,CRWHRO0065,2025-02-19
Montre Rotonde de Cartier,625000.0,CRWHRO0061,2025-02-19
Montre Rotonde de Cartier,700000.0,CRWHRO0065,2025-02-19
Montre Rotonde de Cartier,595000.0,CRWHRO0064,2025-02-19
Montre Rotonde de Cartier Masse mystérieuse,339000.0,CRWHRO0082,2025-02-19
Montre Révélation d'une Panthère,141000.0,CRHPI01430,2025-02-19
Montre Révélation d'une Panthère,125000.0,CRHPI01259,2025-02-19
Montre Révélation d'une Panthère,132000.0,CRHPI01354,2025-02-19
Montre Révélation d'une Panthère,132000.0,CRHPI01355,2025-02-19
Montre Santos de Cartier,7650.0,CRWSSA0029,2025-02-19
Montre Santos de Cartier,11400.0,CRW2SA0016,2025-02-19
Montre Santos de Cartier,9900.0,CRWSSA0076,2025-02-19
Montre Santos de Cartier,8700.0,CRWSSA0037,2025-02-19
Montre Santos de Cartier,8350.0,CRWSSA0018,2025-02-19
Montre Santos de Cartier,12600.0,CRW2SA0030,2025-02-19
Montre Santos de Cartier,39600.0,CRWGSA0029,2025-02-19
Montre Santos de Cartier,8950.0,CRWSSA0039,2025-02-19
Montre Santos de Cartier,8350.0,CRWSSA0062,2025-02-19
Montre Santos de Cartier,7650.0,CRWSSA0061,2025-02-19
Montre Santos de Cartier,76000.0,CRWHSA0042,2025-02-19
Montre Santos de Cartier,8350.0,CRWSSA0064,2025-02-19
Montre Santos de Cartier,7650.0,CRWSSA0065,2025-02-19
Montre Santos de Cartier,8350.0,CRWSSA0071,2025-02-19
Montre Santos de Cartier,7650.0,CRWSSA0063,2025-02-19
Montre Santos de Cartier Chronographe,10800.0,CRWSSA0017,2025-02-19
Montre Santos de Cartier Chronographe,15900.0,CRW2SA0008,2025-02-19
Montre Santos-Dumont,4200.0,CRWSSA0023,2025-02-19
Montre Santos-Dumont,6550.0,CRW2SA0037,2025-02-19
Montre Santos-Dumont,4500.0,CRWSSA0085,2025-02-19
Montre Santos-Dumont,16800.0,CRWGSA0098,2025-02-19
Montre Santos-Dumont,23700.0,CRWGSA0096,2025-02-19
Montre Santos-Dumont,16800.0,CRWGSA0097,2025-02-19
Montre Santos-Dumont,6550.0,CRWSSA0046,2025-02-19
Montre Tank Américaine,12500.0,CRWGTA0299,2025-02-19
Montre Tank Américaine,8350.0,CRWGTA0341,2025-02-19
Montre Tank Américaine,18200.0,CRWGTA0300,2025-02-19
Montre Tank Américaine,4350.0,CRWSTA0082,2025-02-19
Montre Tank Américaine,6750.0,CRWSTA0083,2025-02-19
Montre Tank Américaine,18200.0,CRWGTA0134,2025-02-19
Montre Tank Américaine,25600.0,CRWGTA0297,2025-02-19
Montre Tank Française,6200.0,CRWSTA0067,2025-02-19
Montre Tank Française,5050.0,CRWSTA0074,2025-02-19
Montre Tank Française,10600.0,CRW4TA0021,2025-02-19
Montre Tank Louis Cartier,14100.0,CRWGTA0011,2025-02-19
Montre Tank Louis Cartier,7600.0,CRWGTA0352,2025-02-19
Montre Tank Louis Cartier,12600.0,CRWGTA0010,2025-02-19
Montre Tank Louis Cartier,14100.0,CRWGTA0091,2025-02-19
Montre Tank Louis Cartier,14100.0,CRWGTA0191,2025-02-19
Montre Tank Louis Cartier,14100.0,CRWGTA0190,2025-02-19
Montre Tank Louis Cartier,21200.0,CRWJTA0037,2025-02-19
Montre Tank Must,3900.0,CRWSTA0054,2025-02-19
Montre Tank Must,5400.0,CRWSTA0040,2025-02-19
Montre Tank Must,5800.0,CRWSTA0053,2025-02-19
Montre Tank Must SolarBeat™,4150.0,CRWSTA0092,2025-02-19
Montre Tank Must SolarBeat™,3750.0,CRWSTA0090,2025-02-19
Montre Tank Must SolarBeat™,3550.0,CRWSTA0089,2025-02-19
Montre Tank Must de Cartier,7400.0,CRW4TA0017,2025-02-19
Montre Tonneau,33500.0,CRWGTN0006,2025-02-19
Montre squelette Pasha de Cartier,31400.0,CRWHPA0017,2025-02-19
Montre squelette Pasha de Cartier,31400.0,CRWHPA0009,2025-02-19
Montre squelette Pasha de Cartier,114000.0,CRWHPA0006,2025-02-19
Montre squelette Pasha de Cartier,161000.0,CRHPI01435,2025-02-19
Montre squelette Pasha de Cartier,31400.0,CRWHPA0007,2025-02-19
Montre squelette Pasha de Cartier,31400.0,CRWHPA0017,2025-02-19
Montre squelette Pasha de Cartier,31400.0,CRWHPA0009,2025-02-19
Montre squelette Rotonde de Cartier avec affichage mystérieux,67000.0,CRWHRO0060,2025-02-19
Montre squelette Rotonde de Cartier avec affichage mystérieux,107000.0,CRHPI01337,2025-02-19
Montre squelette Rotonde de Cartier avec affichage mystérieux,67000.0,CRWHRO0060,2025-02-19
Montre squelette Santos de Cartier,34100.0,CRWHSA0026,2025-02-19
Montre squelette Santos de Cartier,34100.0,CRWHSA0028,2025-02-19
Montre squelette Santos de Cartier,34100.0,CRWHSA0027,2025-02-19
Montre squelette Santos de Cartier,38200.0,CRWHSA0019,2025-02-19
Montre squelette Tank Cintrée,78000.0,CRWHTA0008,2025-02-19
Montre squelette Tank Cintrée,86500.0,CRWHTA0009,2025-02-19
Montre squelette Tank Cintrée,123000.0,CRHPI01123,2025-02-19
Montre squelette Tank Cintrée,86500.0,CRWHTA0009,2025-02-19
Montre squelette Tank Cintrée,78000.0,CRWHTA0008,2025-02-19
Montre squelette Tank Cintrée,123000.0,CRHPI01123,2025-02-19
Montre squelette Tonneau,83500.0,CRWHTN0005,2025-02-19
Montre squelette Tonneau,96000.0,CRWHTN0006,2025-02-19
Montre squelette Tonneau,96000.0,CRWHTN0012,2025-02-19
Montre squelette Tonneau,96000.0,CRWHTN0006,2025-02-19
Montre squelette Tonneau,83500.0,CRWHTN0005,2025-02-19
